{
  "basic": {
    "MN": "A4020P_5O20",
    "FW": 40.0,
    "FH": 20.0,
    "OD": 37.7,
    "ID": 18.0,
    "HH": 13.5,
    "BC": 5,
    "CG": 0.4,
    "RPM":null
  },
  "airfoil_root": {
    "CH": 10.321464,
    "CAM": 0.02,
    "CH": 9.76228,
    "CP": 0.5,
    "TM": 1.1,
    "TTE": 0.6,
    "IA": 39.66,
    "LEO": -3.15
  },
  "airfoil_tip": {
    "CH": 14.05409,
    "CAM": 0.02,
    "CP": 0.5,
    "TM": 1.1,
    "TTE": 0.6,
    "IA": 27.935,
    "LEO": 0.6
  },
  "blade_3d": {
    "FA": 60.0,
    "S": 30.0,
    "Wave": [
      0.0,
      0.0
    ],
    "Rise": 0.0,
    "U_Bump": [
      0.0,
      0.0,
      1.0
    ],
    "L_Bump": [
      0.0,
      0.0,
      1.0
    ]
  }
}