{
  "basic": {
    "MN": "A5020_7O30",
    "FW": 50.0,
    "FH": 20.0,
    "OD": 46.8,
    "ID": 24.75,
    "HH": 11.85,
    "BC": 7,
    "CG": 0.6,
    "RPM":null
  },

  "airfoil_root": {
    "CH": 10.3456361,
    "CAM": 0.03,
    "CP": 0.5,
    "TM": 1.2,
    "TTE": 0.4,
    "IA": 38.58,
    "LEO": -1.5
  },

  "airfoil_tip": {
    "CH": 14.7432557,
    "CAM": 0.03,
    "CP": 0.5,
    "TM": 1.2,
    "TTE": 0.4,
    "IA": 29.195,
    "LEO": 2.9
  },

  "blade_3d": {
    "FA": 40.0,
    "S": 40.0,
    "Wave": [
      0.0,
      0.0
    ],
    "Rise": 0.0,
    "U_Bump": [
      0.0,
      0.0,
      1.0
    ],
    "L_Bump": [
      0.0,
      0.0,
      1.0
    ]
  }
}